experiment_id,generated_at_utc,model_id,language,prompt_count,template_success_count,template_failure_count,mean_character_count,mean_formatted_input_tokens,mean_tokens_per_character,min_formatted_input_tokens,max_formatted_input_tokens,error_types
tokenizer_2026-05-25T190831Z0000,2026-05-25T19:08:31+00:00,bharatgenai/Param2-17B-A2.4B-Thinking,hi,12,12,0,218.08333333333334,73.33333333333333,0.3399979436932221,53.0,95.0,
tokenizer_2026-05-25T190831Z0000,2026-05-25T19:08:31+00:00,bharatgenai/Param2-17B-A2.4B-Thinking,hinglish,12,12,0,238.58333333333334,83.41666666666667,0.35277542802649625,63.0,104.0,
tokenizer_2026-05-25T190831Z0000,2026-05-25T19:08:31+00:00,bharatgenai/Param2-17B-A2.4B-Thinking,ta,12,12,0,256.3333333333333,76.41666666666667,0.2995970865397462,56.0,99.0,
tokenizer_2026-05-25T190831Z0000,2026-05-25T19:08:31+00:00,krutrim-ai-labs/Krutrim-2-instruct,hi,12,12,0,218.08333333333334,95.58333333333333,0.44234589088902876,64.0,128.0,
tokenizer_2026-05-25T190831Z0000,2026-05-25T19:08:31+00:00,krutrim-ai-labs/Krutrim-2-instruct,hinglish,12,12,0,238.58333333333334,75.25,0.31886190765373396,59.0,94.0,
tokenizer_2026-05-25T190831Z0000,2026-05-25T19:08:31+00:00,krutrim-ai-labs/Krutrim-2-instruct,ta,12,12,0,256.3333333333333,103.33333333333333,0.40658666454962233,81.0,123.0,
tokenizer_2026-05-25T190831Z0000,2026-05-25T19:08:31+00:00,sarvamai/sarvam-30b,hi,12,12,0,218.08333333333334,67.5,0.3129422943499958,48.0,86.0,
tokenizer_2026-05-25T190831Z0000,2026-05-25T19:08:31+00:00,sarvamai/sarvam-30b,hinglish,12,12,0,238.58333333333334,65.91666666666667,0.27950013702493887,55.0,84.0,
tokenizer_2026-05-25T190831Z0000,2026-05-25T19:08:31+00:00,sarvamai/sarvam-30b,ta,12,12,0,256.3333333333333,70.66666666666667,0.27816501233732605,57.0,84.0,
